{"cameraMode":{"drawMode":0,"name":"Shaded","section":"Shading Mode"},"sceneLighting":false,"audioPlay":false,"sceneViewState":{"showFog":true,"showMaterialUpdate":false,"showSkybox":false,"showFlares":true,"showImageEffects":true,"showParticleSystems":true,"showVisualEffectGraphs":true,"m_FxEnabled":true},"in2DMode":false,"pivot":{"x":-0.24379515647888184,"y":-0.12110364437103272,"z":0.9517825841903687},"rotation":{"x":0.17417195439338685,"y":-0.6740865707397461,"z":0.1681346744298935,"w":0.697935938835144},"size":1.7660253047943116,"orthographic":false}