{"cameraMode":{"drawMode":0,"name":"Shaded","section":"Shading Mode"},"sceneLighting":true,"audioPlay":false,"sceneViewState":{"m_AlwaysRefresh":false,"showFog":true,"showSkybox":true,"showFlares":true,"showImageEffects":true,"showParticleSystems":true,"showVisualEffectGraphs":true,"m_FxEnabled":true},"in2DMode":false,"pivot":{"x":0.4534282684326172,"y":-1.6547555923461915,"z":3.4810640811920168},"rotation":{"x":0.17105582356452943,"y":-0.7081597447395325,"z":0.18342414498329163,"w":0.6600880026817322},"size":14.028593063354493,"orthographic":false}