{"cameraMode":{"drawMode":0,"name":"Shaded","section":"Shading Mode"},"sceneLighting":false,"audioPlay":false,"sceneViewState":{"showFog":true,"showMaterialUpdate":false,"showSkybox":false,"showFlares":true,"showImageEffects":true,"showParticleSystems":true,"showVisualEffectGraphs":true,"m_FxEnabled":true},"in2DMode":false,"pivot":{"x":1.7686283588409424,"y":0.8209803104400635,"z":0.24615876376628877},"rotation":{"x":0.17105582356452943,"y":-0.7081597447395325,"z":0.18342414498329163,"w":0.6600880026817322},"size":3.859766721725464,"orthographic":false}